,fold 1,fold 2,fold 3,fold 4,fold 5
baseline,0.852073132828627,0.8970594415594297,0.9214171625682058,0.9306858715774837,0.8746651035500961
+superpixel,0.87015092476242,0.9108361139645773,0.9477915937804973,0.9522841793198206,0.8901931439750318
+filtered,0.860715315062543,0.9222974150497426,0.947334187106225,0.9539175467327716,0.8948268198537566
